,pheno,stim,pill,mean_rho,mean_pvalue,pos_rho,pos_pvalue,neg_rho,neg_pvalue,pos network,neg network,mean_acc,mean_acc_pvalue,pos_acc,pos_acc_pvalue,neg_acc,neg_acc_pvalue
0,RecogAcc_coded,alc,cortisol,0.123896966,0.001,0.167575566,0,0.073405417,0.009,521,111,0.6200787401574803,0.001,0.6604330708661418,0,0.6309055118110236,0.001
1,RecogAcc_coded,alc,placebo,0.099310566,0.012,0.062584495,0.031,0.044498932,0.084,192,217,0.5809893307468477,0.003,0.5829291949563531,0.027,0.5838991270611057,0.054
2,RecogAcc_coded,tool,cortisol,0.187944609,0,0.062803504,0.032,0.045890069,0.072,582,371,0.6547388781431335,0,0.6353965183752418,0.085,0.6305609284332688,0.021
3,RecogAcc_coded,tool,placebo,0.213704079,0,0.141544882,0,0.114193328,0,515,2423,0.6508244422890398,0,0.6333656644034917,0,0.6343355965082444,0
4,Arous_All,alc,cortisol,0.36094476,0,0.213117114,0,0.153310914,0,3873,796,,,,,,
5,Arous_All,alc,placebo,0.432463277,0,0.165851031,0,0.127261933,0,1279,537,,,,,,
6,Arous_All,tool,cortisol,0.425878241,0,0.20353786,0,0.189960075,0,2180,3099,,,,,,
7,Arous_All,tool,placebo,0.498138128,0,0.177271472,0,0.177393546,0,854,2154,,,,,,