,train on,test on,pill,behavior,mean_rho,mean_pvalue,pos_rho,pos_pvalue,neg_rho,neg_pvalue,temp_p,pos network,neg network,mean_acc,mean_acc_pvalue,pos_acc,pos_acc_pvalue,neg_acc,neg_acc_pvalue
0,tool,alc,cortisol,RecogAcc_coded,,0.0,,0.0,-0.021789114552196,0.018,,582,371,0.6499032882011605,0.994,0.6499032882011605,0.928,0.5570599613152805,1.0
1,tool,alc,placebo,RecogAcc_coded,0.0738157188190718,0.001,,0.0,0.0491489065131645,0.002,0.0177629804881944,515,2423,0.6653734238603298,0.0,0.635305528612997,0.002,0.483996120271581,1.0
2,alc,tool,cortisol,RecogAcc_coded,0.0240088768648861,0.0,,0.0,0.0050896596318893,0.039,0.440586216000118,521,111,0.6476377952755905,0.995,0.6476377952755905,0.985,0.6289370078740157,0.997
3,alc,tool,placebo,RecogAcc_coded,0.210775112369254,0.0,0.0410392661913484,0.001,0.107348690497636,0.0,8.11216274858954e-12,192,217,0.6139670223084384,0.002,0.6081474296799224,0.98,0.5480116391852571,1.0
4,tool,alc,cortisol,Arous_All,0.288089404391277,0.0,0.209954444034716,0.0,0.0846073261869985,0.0,1.0671891927939201e-20,2180,3099,,,,,,
5,tool,alc,placebo,Arous_All,0.302181111705243,0.0,0.127165811690651,0.0,0.069178100897201,0.006,3.9749014248196e-23,854,2154,,,,,,
6,alc,tool,cortisol,Arous_All,0.345331921819652,0.0,0.125286886308415,0.0,0.181630860288809,0.0,2.05847416747358e-29,3873,796,,,,,,
7,alc,tool,placebo,Arous_All,0.341107442086135,0.0,0.0780606586217052,0.0,0.147983739782122,0.0,2.73068400540674e-29,1279,537,,,,,,
