,train on,test on,stim,pill,mean_rho,mean_pvalue,pos_rho,pos_pvalue,neg_rho,neg_pvalue,pos network,neg network,mean_acc,mean_acc_pvalue,pos_acc,pos_acc_pvalue,neg_acc,neg_acc_pvalue
0,Arous_All,RecogAcc_coded,alc,cortisol,-0.0231523748545835,0.004,,0.0,0.0167978074760569,0.006,3873,796,0.6466535433070866,0.998,0.6476377952755905,0.995,0.6171259842519685,1.0
1,Arous_All,RecogAcc_coded,alc,placebo,,0.0,0.0125797608125246,0.051,,0.0,1279,537,0.6081474296799224,0.998,0.5800193986420951,0.995,0.6081474296799224,0.851
2,Arous_All,RecogAcc_coded,tool,cortisol,0.0227061425172206,0.0,,0.0,0.0279605089501541,0.005,2180,3099,0.648936170212766,1.0,0.6499032882011605,0.994,0.574468085106383,1.0
3,Arous_All,RecogAcc_coded,tool,placebo,,0.0,,0.0,-0.0005965745272172,0.057,854,2154,0.6343355965082444,0.959,0.6343355965082444,0.932,0.612027158098933,0.992
4,RecogAcc_coded,Arous_All,alc,cortisol,0.131056067057516,0.0,0.114795062071801,0.0,0.0046285398081132,0.135,521,111,,,,,,
5,RecogAcc_coded,Arous_All,alc,placebo,0.0040604735543634,0.118,-0.0028801937132955,0.139,-0.0030616762841705,0.184,192,217,,,,,,
6,RecogAcc_coded,Arous_All,tool,cortisol,0.22441427673337,0.0,0.0841889348223879,0.0,0.121437655727402,0.0,582,371,,,,,,
7,RecogAcc_coded,Arous_All,tool,placebo,-0.0017237096994241,0.164,-0.0548314644671119,0.394,0.0295875462225145,0.045,515,2423,,,,,,
